Channel,Chi phí Marketing,Doanh thu,Lead MKT,Đơn hàng,ROAS,CPL,Conversion_Rate
FB,1314129481,3122589090.2173915,8513,6144.739130434783,2.376165465705271,154367.37707036297,0.7218065465094307
Google,132545235,316704913.04347825,744,626.9130434782609,2.3894100232534066,178152.19758064515,0.8426250584385226
Tiktok,350299,1453608.6956521738,4,2.9130434782608696,4.1496227384382305,87574.75,0.7282608695652174
